{
  "topics": [
    {
      "topicId": "xyz",
      "category": "Business",
      "topic": " crucial to the success of a startup??",
      "question": "<div><div>Which is more crucial to the success of a startup: the idea or the execution?</div></div>",
      "userId": "User1",
      "responses": [
        {
          "responseId": "abc",
          "response": "<div><div>it's about situation and mindset of excution that matter.. No one ever achived any sucess without facing problems or seing opirtunity that other rejected ..so try hard on excution of idea to reality ...</div></div>",
          "userId": "user2"
        }
      ]
    },
    {
      "topicId": "xyz1",
      "category": "Sports",
      "topic": " Best Sport in the World",
      "question": "<div><div>Which is the best sport in the world and why?</div></div>",
      "userId": "User1",
      "responses": [
        {
          "responseId": "abc1",
          "response": "<div><div>Football reaches billions around the world, and only one or two other sports can claim that. Football can be played nearly anywhere as well. It is overwhelmingly the most played sport among those in developing nations for that reason. No other sports can say that 1 billion+ watched their World Cup final.</div></div>",
          "userId": "user2"
        }
      ]
    },
    {
      "topicId": "xyz2",
      "category": "Business",
      "topic": " HR Hiring??",
      "question": "<div><div>How do you avoid hiring the wrong people for your startup?</div></div>",
      "userId": "User1",
      "responses": [
        {
          "responseId": "abc2",
          "response": "<div><div>1. Make them show, not tell , 2. Be painfully thorough , 3.. Be consistent , 4.Resist optimism</div></div>",
          "userId": "user1"
        }
      ]
    },
    {
      "topicId": "xyz3",
      "category": "Sports",
      "topic": " tennis",
      "question": "<div><div>why in tennis do they start the game with 'love all'?</div></div>",
      "userId": "User1",
      "responses": [
        {
          "responseId": "abc3",
          "response": "<div><div>LOVE indicates the point 'zero' in tennis. Since both players start off their game with zero point, it is called ''LOVE all'. ... The origin of the use of 'love' for zero is also disputed. It is possible that it derives from the French expression for 'the egg' (l'œuf) because an egg looks like the number zero.</div></div>",
          "userId": "user1"
        }
      ]
    }
  ],
  "books": [
    {
      "bookId": "eWRhpRV",
      "bookName": "Business 101",
      "description": "Basics of business",
      "chapters": [
        {
          "chapterId": "23TplPdS",
          "chapterName": "Startup",
          "notes": [
            {
              "noteId": "nYrnfYEv",
              "title": "Which is more crucial to the success of a startup: the idea or the execution?",
              "contentType": "text/html",
              "content": "it's about situation and mindset of excution that matter.. No one ever achived any sucess without facing problems or seing opirtunity that other rejected ..so try hard on excution of idea to reality ...",
              "ref": "TBD"
            },
            {
              "noteId": "a4vhAoFG",
              "title": "Which is more crucial to the success of a startup: the idea or the execution?",
              "contentType": "text/html",
              "content": "A 'B' idea with an 'A' team is an 'A'.An 'A' idea with a 'B' team is a 'C'.",
              "ref": "TBD"
            }
          ]
        },
        {
          "chapterId": "46Juzcyx",
          "chapterName": "Entrepreneur",
          "notes": [
            {
              "noteId": "hwX6aOr7",
              "title": "How does one create a business plan?",
              "contentType": "text/markdown",
              "content": "Executive summary -- a snapshot of your business, Company description -- describes what you do , Market analysis - research on your industry, market and competitors",
              "ref": "TBD"
            }
          ]
        },
        {
          "chapterId": "2WEKaVNO",
          "chapterName": "HR",
          "notes": [
            {
              "noteId": "PPBqWA9",
              "title": "How do you avoid hiring the wrong people for your startup?",
              "contentType": "text/markdown",
              "content": "1. Make them show, not tell , 2. Be painfully thorough , 3.. Be consistent , 4.Resist optimism  ",
              "ref": "TBD"
            }
          ]
        },
        {
          "chapterId": "dogPzIz8",
          "chapterName": "Crisis",
          "notes": [
            {
              "noteId": "j3VmkgL0n",
              "title": "What's the #1 reason why tech startups fail?",
              "contentType": "text/markdown",
              "content": "Most start up business fail because the owners neglect the ominous signs of failure.",
              "ref": "TBD"
            }
          ]
        }
      ]
    }
  ]
}
