[
    {
        "bookName":"Coding Beginners",
        "userId":"1",
        "description":"Basics of coding",
        "chapters":[
            {
                "chapterName":"javascript-101",
                "notes":[
                    {
                        "title":"what are the similarity  between javascript and java",
                        "content":"Lorem Ipsum is simply dummy text of the printing and typesetting industry. Lorem Ipsum has been the industry's standard dummy text ever since the 1500s, when an unknown printer took a galley of type and scrambled it to make a type specimen book. It has survived not only five centuries, but also the leap into electronic typesetting, remaining essentially unchanged. It was popularised in the 1960s with the release of Letraset sheets containing Lorem Ipsum passages, and more recently with desktop publishing software like Aldus PageMaker including versions of Lorem Ipsum.",
                        "ref":"xyz"
                    },
                    {
                        "title":"what are the similarity  between javascript and java",
                        "content":"Lorem Ipsum is simply dummy text of the printing and typesetting industry. Lorem Ipsum has been the industry's standard dummy text ever since the 1500s, when an unknown printer took a galley of type and scrambled it to make a type specimen book. It has survived not only five centuries, but also the leap into electronic typesetting, remaining essentially unchanged. It was popularised in the 1960s with the release of Letraset sheets containing Lorem Ipsum passages, and more recently with desktop publishing software like Aldus PageMaker including versions of Lorem Ipsum.",
                        "ref":"xyz"
                    },
                    {
                        "title":"what are the similarity  between javascript and java",
                        "content":"Lorem Ipsum is simply dummy text of the printing and typesetting industry. Lorem Ipsum has been the industry's standard dummy text ever since the 1500s, when an unknown printer took a galley of type and scrambled it to make a type specimen book. It has survived not only five centuries, but also the leap into electronic typesetting, remaining essentially unchanged. It was popularised in the 1960s with the release of Letraset sheets containing Lorem Ipsum passages, and more recently with desktop publishing software like Aldus PageMaker including versions of Lorem Ipsum.",
                        "ref":"xyz"
                    }
                   
                ]
            },
            {
                "chapterName":"lodash",
                "title":"why is lodash.each faster than native forEach?",
                "notes":[
                    {
                        "title":"why is lodash.each faster than native forEach?",
                        "content":"_.each() is not fully compatible to [].forEach().So lodash's implementation is missing an if (... in ...) check, which might explain the performance difference.",
                        "ref":"http://jsben.ch/BQhED"
                    },
                    {
                        "title":"what are the similarity  between javascript and java",
                        "content":"Lorem Ipsum is simply dummy text of the printing and typesetting industry. Lorem Ipsum has been the industry's standard dummy text ever since the 1500s, when an unknown printer took a galley of type and scrambled it to make a type specimen book. It has survived not only five centuries, but also the leap into electronic typesetting, remaining essentially unchanged. It was popularised in the 1960s with the release of Letraset sheets containing Lorem Ipsum passages, and more recently with desktop publishing software like Aldus PageMaker including versions of Lorem Ipsum.",
                        "ref":"xyz"
                    }                
                ]
    
            }
        ]
    },
    {
        "bookName":"Coding Advanced",
        "userId":"2",
        "description":"Basics of coding",
        "chapters":[
            {
                "chapterName":"javascript-101",
                "title":"what are the similarities and difference between javascript and java",
                "notes":[
                    {
                        "title":"what are the similarity  between javascript and java",
                        "content":"Java and Javascript are similar like Car and Carpet are similar.",
                        "ref":"xyz"
                    },
                    {
                        "title":"",
                        "content":"One is essentially a toy, designed for writing small pieces of code, and traditionally used and abused by inexperienced programmers like me , the other is a scripting language for web browsers.",
                        "ref":null
                    }
                ]
            },
            {
                "chapterName":"lodash",
                "title":"why is lodash.each faster than native forEach?",
                "notes":[
                    {
                        "title":"why is lodash.each faster than native forEach?",
                        "content":"_.each() is not fully compatible to [].forEach().So lodash's implementation is missing an if (... in ...) check, which might explain the performance difference.",
                        "ref":"http://jsben.ch/BQhED"
                    }                
                ]
    
            }
        ]
    },
    {
        "bookName":"Coding Advanced",
        "userId":"2",
        "description":"Basics of coding",
        "chapters":[
            {
                "chapterName":"javascript-101",
                "title":"what are the similarities and difference between javascript and java",
                "notes":[
                    {
                        "title":"what are the similarity  between javascript and java",
                        "content":"Java and Javascript are similar like Car and Carpet are similar.",
                        "ref":"xyz"
                    },
                    {
                        "title":"",
                        "content":"One is essentially a toy, designed for writing small pieces of code, and traditionally used and abused by inexperienced programmers like me , the other is a scripting language for web browsers.",
                        "ref":null
                    }
                ]
            },
            {
                "chapterName":"lodash",
                "title":"why is lodash.each faster than native forEach?",
                "notes":[
                    {
                        "title":"why is lodash.each faster than native forEach?",
                        "content":"_.each() is not fully compatible to [].forEach().So lodash's implementation is missing an if (... in ...) check, which might explain the performance difference.",
                        "ref":"http://jsben.ch/BQhED"
                    }                
                ]
    
            }
        ]
    },
    {
        "bookName":"Coding Advanced",
        "userId":"2",
        "description":"Basics of coding",
        "chapters":[
            {
                "chapterName":"javascript-101",
                "title":"what are the similarities and difference between javascript and java",
                "notes":[
                    {
                        "title":"what are the similarity  between javascript and java",
                        "content":"Java and Javascript are similar like Car and Carpet are similar.",
                        "ref":"xyz"
                    },
                    {
                        "title":"",
                        "content":"One is essentially a toy, designed for writing small pieces of code, and traditionally used and abused by inexperienced programmers like me , the other is a scripting language for web browsers.",
                        "ref":null
                    }
                ]
            },
            {
                "chapterName":"lodash",
                "title":"why is lodash.each faster than native forEach?",
                "notes":[
                    {
                        "title":"why is lodash.each faster than native forEach?",
                        "content":"_.each() is not fully compatible to [].forEach().So lodash's implementation is missing an if (... in ...) check, which might explain the performance difference.",
                        "ref":"http://jsben.ch/BQhED"
                    }                
                ]
    
            }
        ]
    },
    {
        "bookName":"Coding Advanced",
        "userId":"2",
        "description":"Basics of coding",
        "chapters":[
            {
                "chapterName":"javascript-101",
                "title":"what are the similarities and difference between javascript and java",
                "notes":[
                    {
                        "title":"what are the similarity  between javascript and java",
                        "content":"Java and Javascript are similar like Car and Carpet are similar.",
                        "ref":"xyz"
                    },
                    {
                        "title":"",
                        "content":"One is essentially a toy, designed for writing small pieces of code, and traditionally used and abused by inexperienced programmers like me , the other is a scripting language for web browsers.",
                        "ref":null
                    }
                ]
            },
            {
                "chapterName":"lodash",
                "title":"why is lodash.each faster than native forEach?",
                "notes":[
                    {
                        "title":"why is lodash.each faster than native forEach?",
                        "content":"_.each() is not fully compatible to [].forEach().So lodash's implementation is missing an if (... in ...) check, which might explain the performance difference.",
                        "ref":"http://jsben.ch/BQhED"
                    }                
                ]
    
            }
        ]
    },
    {
        "bookName":"Coding Advanced",
        "userId":"2",
        "description":"Basics of coding",
        "chapters":[
            {
                "chapterName":"javascript-101",
                "title":"what are the similarities and difference between javascript and java",
                "notes":[
                    {
                        "title":"what are the similarity  between javascript and java",
                        "content":"Java and Javascript are similar like Car and Carpet are similar.",
                        "ref":"xyz"
                    },
                    {
                        "title":"",
                        "content":"One is essentially a toy, designed for writing small pieces of code, and traditionally used and abused by inexperienced programmers like me , the other is a scripting language for web browsers.",
                        "ref":null
                    }
                ]
            },
            {
                "chapterName":"lodash",
                "title":"why is lodash.each faster than native forEach?",
                "notes":[
                    {
                        "title":"why is lodash.each faster than native forEach?",
                        "content":"_.each() is not fully compatible to [].forEach().So lodash's implementation is missing an if (... in ...) check, which might explain the performance difference.",
                        "ref":"http://jsben.ch/BQhED"
                    }                
                ]
    
            }
        ]
    }
]

